{
  "calibrated_at": "2026-06-07T13:05:27",
  "duration_s": 30,
  "proxy_port": 19080,
  "n_packets": 450,
  "len_bins": [
    0,
    100,
    300,
    600,
    900,
    1200,
    1600,
    10000
  ],
  "iat_bins": [
    0,
    1,
    5,
    20,
    100,
    500,
    10000
  ],
  "len_probs": [
    0.23039215686274508,
    0.31862745098039214,
    0.1715686274509804,
    0.11764705882352941,
    0.00980392156862745,
    0.049019607843137254,
    0.10294117647058823
  ],
  "iat_probs": [
    0.6124721603563474,
    0.0200445434298441,
    0.022271714922048998,
    0.1091314031180401,
    0.23608017817371937,
    0.0
  ],
  "len_counts": [
    47,
    65,
    35,
    24,
    2,
    10,
    21
  ],
  "iat_counts": [
    275,
    9,
    10,
    49,
    106,
    0
  ],
  "original_len_probs": [
    0.32,
    0.08,
    0.07,
    0.07,
    0.1,
    0.24,
    0.12
  ],
  "original_iat_probs": [
    0.38,
    0.15,
    0.15,
    0.15,
    0.12,
    0.05
  ]
}